event_time,coef,std_error,t_stat,p_value,n_treated,n_control,ci_lower,ci_upper,cohort_month,cohort_event_month,target_month_flag,new_event_time
-26,-0.042533591,0.102994694,-0.412968757,0.679629504,620,3020,-0.244399481,0.1593323,3,1,1,-12
-25,0.105074223,0.106304829,0.988423803,0.322945135,620,3023,-0.103279413,0.31342786,3,2,1,-11
-24,0.10529579,0.112200473,0.938461193,0.348007451,617,3001,-0.114613096,0.325204675,3,3,1,-10
-16,0.060123401,0.113567002,0.529409069,0.596521708,624,3030,-0.162463832,0.282710634,3,11,1,-9
-15,0.147475329,0.116208267,1.269060557,0.204419467,624,3030,-0.08028869,0.375239347,3,12,1,-8
-14,0.060702668,0.124216929,0.488682734,0.62506633,624,3030,-0.182758038,0.304163375,3,1,1,-7
-13,0.046904435,0.110018173,0.426333516,0.669864839,624,3030,-0.168727223,0.262536092,3,2,1,-6
-12,0.028651065,0.104855314,0.273243806,0.784665809,624,3031,-0.176861575,0.234163705,3,3,1,-5
-4,-0.006626915,0.113113961,-0.058586178,0.95328172,625,3053,-0.228326204,0.215072374,3,11,1,-4
-3,-0.005550803,0.110794886,-0.05009981,0.960042851,625,3070,-0.22270479,0.211603184,3,12,1,-3
-2,0.02144543,0.113577186,0.188818118,0.850235371,625,3125,-0.201161763,0.244052623,3,1,1,-2
-1,-0.03240372,0.110426489,-0.293441546,0.769184673,625,3125,-0.248835661,0.184028222,3,2,1,-1
0,-0.678523416,0.096500132,-7.031321152,0,625,3125,-0.867660198,-0.489386634,3,3,1,0
8,-0.887104894,0.103844471,-8.542629974,0,625,3124,-1.090636318,-0.68357347,3,11,1,1
9,-0.86810602,0.102390138,-8.478414365,0,625,3124,-1.068787003,-0.667425036,3,12,1,2
10,-0.906805848,0.117091209,-7.744440066,0,625,3124,-1.1363004,-0.677311296,3,1,1,3
11,-0.967050469,0.113047229,-8.554393376,0,625,3124,-1.188618967,-0.745481971,3,2,1,4
-27,0.031229521,0.141058135,0.221394684,0.824785132,333,1638,-0.245239344,0.307698386,4,1,1,-13
-26,-0.012706692,0.13975953,-0.090918252,0.927557547,333,1638,-0.286630338,0.261216953,4,2,1,-12
-25,-0.024204961,0.147922344,-0.163632892,0.87002015,331,1621,-0.314127428,0.265717506,4,3,1,-11
-17,0.008154611,0.155019031,0.052603934,0.958047483,334,1643,-0.295677107,0.311986329,4,11,1,-10
-16,0.024626238,0.159328779,0.1545624,0.877166314,334,1645,-0.28765243,0.336904907,4,12,1,-9
-15,-0.004938968,0.172573987,-0.028619424,0.97716812,334,1645,-0.343177768,0.333299831,4,1,1,-8
-14,0.059608661,0.152844007,0.389996719,0.696538973,334,1648,-0.239960087,0.359177409,4,2,1,-7
-13,-0.030814587,0.134516693,-0.229076303,0.818809611,334,1648,-0.294462459,0.232833286,4,3,1,-6
-5,0.0157781,0.150447065,0.10487476,0.916475187,334,1648,-0.279092729,0.310648929,4,11,1,-5
-4,0.02447794,0.152108497,0.160924213,0.872153092,334,1649,-0.273649235,0.322605115,4,12,1,-4
-3,0.024771302,0.152834731,0.16207901,0.871243635,334,1661,-0.274779267,0.324321871,4,1,1,-3
-2,-0.050006585,0.149304579,-0.334930017,0.737677878,334,1670,-0.342638182,0.242625012,4,2,1,-2
-1,-0.003013899,0.131798495,-0.022867477,0.981755983,334,1668,-0.261334203,0.255306405,4,3,1,-1
7,-0.690513262,0.140489262,-4.915060786,8.875e-07,334,1667,-0.965867156,-0.415159369,4,11,1,1
8,-0.587305028,0.14338149,-4.096100759,4.20167e-05,334,1666,-0.868327583,-0.306282472,4,12,1,2
9,-0.692173843,0.162788698,-4.251977252,2.11891e-05,334,1666,-1.011233829,-0.373113857,4,1,1,3
10,-0.734538398,0.160362483,-4.580487801,4.6389e-06,334,1666,-1.048843089,-0.420233706,4,2,1,4
-28,0.016996421,0.208611041,0.081474214,0.935064831,140,679,-0.391873707,0.425866548,5,1,1,-13
-27,0.089566385,0.215973403,0.414710256,0.678354024,140,680,-0.333733706,0.512866476,5,2,1,-12
-26,0.084875969,0.218382146,0.388658006,0.697529151,139,681,-0.343145172,0.51289711,5,3,1,-11
-18,0.000676433,0.24473649,0.002763925,0.99779471,140,685,-0.478998274,0.48035114,5,11,1,-10
-17,0.003341232,0.238612015,0.014002783,0.988827761,140,685,-0.464329722,0.471012187,5,12,1,-9
-16,-0.192354046,0.265396864,-0.724778894,0.468587686,140,685,-0.712522341,0.327814249,5,1,1,-8
-15,-0.030453716,0.226769917,-0.134293457,0.893170527,140,685,-0.474914586,0.414007154,5,2,1,-7
-14,-0.114887952,0.220051665,-0.522095355,0.601603941,140,685,-0.546181291,0.316405386,5,3,1,-6
-6,0.015438201,0.2578173,0.059880392,0.952250897,140,686,-0.489874422,0.520750824,5,11,1,-5
-5,0.002709194,0.213312816,0.012700569,0.989866685,140,686,-0.415376242,0.42079463,5,12,1,-4
-4,0.068441005,0.23611118,0.289867703,0.771917451,140,692,-0.394328404,0.531210414,5,1,1,-3
-3,-0.023370466,0.247451727,-0.094444545,0.924756032,140,700,-0.508366939,0.461626007,5,2,1,-2
-2,0.030215883,0.22251675,0.135791498,0.891986112,140,697,-0.405908933,0.466340699,5,3,1,-1
6,-0.895402459,0.205005366,-4.367702536,1.2556e-05,140,698,-1.297205594,-0.493599324,5,11,1,1
7,-0.864773809,0.197345186,-4.382036514,1.17575e-05,140,697,-1.251563265,-0.477984353,5,12,1,2
8,-1.05173887,0.241119114,-4.361905838,1.28934e-05,140,697,-1.524323649,-0.579154091,5,1,1,3
9,-1.108277707,0.230526972,-4.807583668,1.5277e-06,140,697,-1.56010227,-0.656453144,5,2,1,4
-29,-0.023069515,0.255849956,-0.090168142,0.9281536,125,619,-0.524526214,0.478387184,6,1,1,-13
-28,-0.122929978,0.251040336,-0.489682175,0.624358817,125,619,-0.614959994,0.369100039,6,2,1,-12
-27,-0.04203137,0.259603555,-0.161905988,0.871379887,125,613,-0.550844988,0.466782248,6,3,1,-11
-19,0.148829217,0.310967955,0.47859985,0.632223325,125,622,-0.460656776,0.75831521,6,11,1,-10
-18,0.320031633,0.306649134,1.043641079,0.29665148,125,622,-0.280989626,0.921052892,6,12,1,-9
-17,0.145696754,0.336714135,0.432701628,0.665231547,125,623,-0.514250824,0.805644332,6,1,1,-8
-16,0.23945234,0.295651443,0.809914329,0.417989416,125,623,-0.34001384,0.81891852,6,2,1,-7
-15,0.252146992,0.283765881,0.888574029,0.374232054,125,623,-0.304023915,0.808317898,6,3,1,-6
-7,0.010500364,0.265301323,0.039579013,0.96842876,125,623,-0.509480674,0.530481403,6,11,1,-5
-6,-0.03429986,0.263208335,-0.130314492,0.896317615,125,623,-0.550178718,0.481578997,6,12,1,-4
-5,-0.019197629,0.283835636,-0.067636431,0.946075055,125,624,-0.575505253,0.537109995,6,1,1,-3
-4,0.005003731,0.285970929,0.017497342,0.986039853,125,625,-0.555488989,0.565496452,6,2,1,-2
-3,0.004077851,0.262817969,0.015515877,0.987620618,125,625,-0.511035902,0.519191604,6,3,1,-1
5,-0.809943499,0.231321449,-3.501376563,0.000462861,125,625,-1.263325208,-0.356561791,6,11,1,1
6,-0.583073563,0.241878273,-2.410607439,0.01592598,125,625,-1.057146266,-0.10900086,6,12,1,2
7,-0.779043733,0.279891607,-2.78337654,0.005379633,125,625,-1.327621202,-0.230466263,6,1,1,3
8,-0.956561582,0.272423634,-3.511301755,0.000445918,125,625,-1.490502093,-0.422621072,6,2,1,4
-30,0.415301121,0.376456853,1.103183851,0.269947333,64,313,-0.322540753,1.153142995,7,1,1,-13
-29,0.358585131,0.326742352,1.097455313,0.272442405,64,315,-0.281818112,0.998988373,7,2,1,-12
-28,0.448700239,0.357644118,1.2545998,0.209624076,63,313,-0.252269351,1.149669828,7,3,1,-11
-20,0.450946029,0.406384057,1.109654824,0.267147797,64,315,-0.345552086,1.247444145,7,11,1,-10
-19,0.697655535,0.385269163,1.810826307,0.070167743,64,315,-0.057458148,1.452769219,7,12,1,-9
-18,0.047091996,0.404568083,0.116400669,0.907335005,64,315,-0.745846877,0.840030868,7,1,1,-8
-17,0.499845289,0.371931172,1.343918787,0.17897465,64,315,-0.229126412,1.22881699,7,2,1,-7
-16,0.522413474,0.356719654,1.464493105,0.143059266,64,315,-0.176744201,1.221571149,7,3,1,-6
-8,-0.002463998,0.342316776,-0.007198004,0.994256873,64,315,-0.67339255,0.668464555,7,11,1,-5
-7,0.001020648,0.327457814,0.003116884,0.99751309,64,315,-0.640784874,0.64282617,7,12,1,-4
-6,-0.027667099,0.352737704,-0.078435333,0.937481769,64,315,-0.719020294,0.663686096,7,1,1,-3
-5,-0.07449102,0.335568574,-0.221984494,0.824325954,64,319,-0.73219334,0.5832113,7,2,1,-2
-4,-0.035461512,0.306471656,-0.115708945,0.907883217,64,319,-0.636134919,0.565211896,7,3,1,-1
4,-0.601648694,0.312933993,-1.92260575,0.054529581,64,319,-1.21498805,0.011690662,7,11,1,1
5,-0.931909546,0.279277685,-3.336856457,0.000847317,64,319,-1.47928375,-0.384535342,7,12,1,2
6,-0.611954753,0.356605035,-1.716057521,0.086151515,64,319,-1.310887779,0.086978273,7,1,1,3
7,-0.729740342,0.353736063,-2.062951502,0.039117236,64,319,-1.423050285,-0.036430399,7,2,1,4
-31,0.090555431,0.410945611,0.220358677,0.825591826,40,197,-0.714883166,0.895994028,8,1,1,-13
-30,-0.095902934,0.363847301,-0.263580173,0.792103439,40,197,-0.80903054,0.617224671,8,2,1,-12
-29,-0.270030109,0.370189099,-0.729438305,0.465733594,40,194,-0.99558741,0.455527192,8,3,1,-11
-21,0.557454917,0.513165327,1.086306671,0.277343337,40,197,-0.448330641,1.563240475,8,11,1,-10
-20,0.53617996,0.48838636,1.097860227,0.272265528,40,197,-0.421039716,1.493399636,8,12,1,-9
-19,0.307298595,0.51691684,0.594483621,0.552188694,40,197,-0.705839794,1.320436984,8,1,1,-8
-18,0.359437721,0.454113876,0.791514508,0.428643813,40,197,-0.53060912,1.249484562,8,2,1,-7
-17,0.642550314,0.428406293,1.499861988,0.133650156,40,197,-0.197110591,1.482211218,8,3,1,-6
-9,0.073214989,0.409347885,0.178857621,0.8580495,40,197,-0.729092124,0.875522102,8,11,1,-5
-8,0.025337816,0.3388798,0.074769333,0.940398243,40,198,-0.638854386,0.689530019,8,12,1,-4
-7,0.012352129,0.373768794,0.033047513,0.973636698,40,199,-0.720221246,0.744925505,8,1,1,-3
-6,0.016143275,0.406333867,0.039729091,0.968309109,40,200,-0.78025647,0.81254302,8,2,1,-2
-5,-0.0904973,0.342599321,-0.264149094,0.791665036,40,199,-0.76197963,0.58098503,8,3,1,-1
3,-0.62271751,0.377650499,-1.648925427,0.099162913,40,199,-1.362898886,0.117463866,8,11,1,1
4,-0.757261898,0.341107075,-2.220012287,0.026417934,40,199,-1.42581948,-0.088704316,8,12,1,2
5,-0.922244846,0.418639329,-2.202957972,0.027597711,40,199,-1.742762853,-0.10172684,8,1,1,3
6,-1.069498571,0.414148313,-2.58240475,0.009811444,40,199,-1.881214349,-0.257782793,8,2,1,4
-32,-0.023423995,0.435901987,-0.053736839,0.957144832,49,242,-0.877776191,0.830928201,9,1,1,-13
-31,0.202430168,0.46037133,0.439710631,0.660146702,49,242,-0.699881058,1.104741393,9,2,1,-12
-30,0.516154556,0.510187448,1.011695913,0.31168347,49,243,-0.483794468,1.516103581,9,3,1,-11
-22,0.086892686,0.510429813,0.170234348,0.86482584,49,243,-0.913531363,1.087316735,9,11,1,-10
-21,0.15521998,0.465893745,0.333166054,0.739008941,49,243,-0.757914981,1.068354942,9,12,1,-9
-20,0.215657114,0.555505782,0.388217586,0.69785502,49,243,-0.873114213,1.30442844,9,1,1,-8
-19,0.349491338,0.538705573,0.64876132,0.516492663,49,243,-0.706352183,1.405334859,9,2,1,-7
-18,0.303598043,0.482109592,0.629728278,0.528872378,49,243,-0.641319394,1.248515481,9,3,1,-6
-10,0.063464919,0.486523618,0.13044571,0.896213804,49,243,-0.890103849,1.017033687,9,11,1,-5
-9,-0.018092493,0.450517391,-0.040159367,0.967966072,49,243,-0.901090353,0.864905367,9,12,1,-4
-8,0.062771774,0.459109497,0.136725062,0.891248119,49,244,-0.837066305,0.962609854,9,1,1,-3
-7,-0.030942804,0.467012978,-0.06625684,0.947173345,49,245,-0.946271421,0.884385813,9,2,1,-2
-6,0.009035347,0.455507373,0.019835786,0.98417437,49,245,-0.883742698,0.901813392,9,3,1,-1
2,-0.91289942,0.425269179,-2.146639034,0.03182203,49,245,-1.746411696,-0.079387145,9,11,1,1
3,-0.870848992,0.404771364,-2.151458997,0.031439989,49,245,-1.664186286,-0.077511697,9,12,1,2
4,-0.671111604,0.485789894,-1.381485314,0.16712979,49,245,-1.6232423,0.281019092,9,1,1,3
5,-0.93668569,0.451477136,-2.074713458,0.038013099,49,245,-1.821564616,-0.051806764,9,2,1,4
-33,0.15985703,0.351641231,0.454602634,0.649395139,50,245,-0.529347118,0.849061177,10,1,1,-13
-32,0.108690802,0.334809851,0.324634421,0.745457773,50,245,-0.547524447,0.764906052,10,2,1,-12
-31,0.305890126,0.394673802,0.775045428,0.438312817,50,243,-0.467656312,1.079436564,10,3,1,-11
-23,-0.108264737,0.401070858,-0.269939177,0.787207047,50,245,-0.894349174,0.6778197,10,11,1,-10
-22,0.039558486,0.400515779,0.098768858,0.921321796,50,246,-0.745438016,0.824554987,10,12,1,-9
-21,0.100007173,0.432117553,0.23143511,0.816976792,50,246,-0.746927668,0.946942014,10,1,1,-8
-20,0.261879705,0.415060729,0.630943106,0.528077726,50,246,-0.551624375,1.075383786,10,2,1,-7
-19,0.153965543,0.38354295,0.40142973,0.688103765,50,246,-0.597764825,0.905695911,10,3,1,-6
-11,0.019587651,0.386645413,0.050660504,0.95959605,50,247,-0.738223432,0.777398735,10,11,1,-5
-10,0.01481339,0.38876102,0.038104102,0.969604681,50,248,-0.747144208,0.776770987,10,12,1,-4
-9,-0.042606055,0.468644974,-0.090913287,0.927561493,50,248,-0.961133326,0.875921216,10,1,1,-3
-8,0.031734684,0.453498785,0.06997744,0.944211616,50,250,-0.857106603,0.920575971,10,2,1,-2
-7,0.010965224,0.485018723,0.022607837,0.981963093,50,250,-0.939654005,0.961584453,10,3,1,-1
1,-0.566459614,0.395326956,-1.43288892,0.151889584,50,249,-1.341286209,0.208366981,10,11,1,1
2,-0.655491119,0.436588822,-1.501392353,0.133254111,50,249,-1.511189487,0.200207249,10,12,1,2
3,-0.428903961,0.533534703,-0.803891404,0.421459695,50,249,-1.474612763,0.616804841,10,1,1,3
4,-0.705373,0.470883579,-1.497977486,0.1341391,50,249,-1.628287856,0.217541856,10,2,1,4
-34,0.083870241,0.229644997,0.36521693,0.714949482,143,727,-0.366225683,0.533966165,11,1,1,-13
-33,0.140287379,0.251832151,0.557066994,0.577481657,143,727,-0.353294566,0.633869325,11,2,1,-12
-32,0.102957205,0.248402894,0.414476671,0.678525048,140,721,-0.383903521,0.58981793,11,3,1,-11
-24,0.501123576,0.30756189,1.629342233,0.10324059,145,727,-0.101686651,1.103933803,11,11,1,-10
-23,0.449983393,0.28428225,1.582875442,0.113449857,145,727,-0.10719958,1.007166365,11,12,1,-9
-22,0.31980201,0.306854288,1.042195017,0.297321273,145,727,-0.281621343,0.921225362,11,1,1,-8
-21,0.433074107,0.319486402,1.355532204,0.175248056,146,728,-0.193107735,1.059255948,11,2,1,-7
-20,0.318835788,0.266200243,1.197729139,0.231022482,146,728,-0.202907101,0.840578677,11,3,1,-6
-12,0.038589888,0.263246691,0.146592109,0.883453983,147,729,-0.477364146,0.554543921,11,11,1,-5
-11,-0.005442176,0.241302149,-0.022553368,0.982006542,147,729,-0.478385697,0.467501345,11,12,1,-4
-10,-0.002844656,0.251271818,-0.01132103,0.990967318,147,734,-0.495328369,0.489639057,11,1,1,-3
-9,0.000663976,0.247238199,0.002685571,0.997857227,148,740,-0.48391399,0.485241941,11,2,1,-2
-8,-0.002529297,0.248476864,-0.010179207,0.991878309,148,738,-0.489535001,0.484476406,11,3,1,-1
0,-0.838138107,0.246363499,-3.402038499,0.000668852,148,738,-1.321001692,-0.355274523,11,11,1,0
1,-0.684123214,0.245755934,-2.783750537,0.005373435,148,738,-1.165795994,-0.202450434,11,12,1,1
2,-0.675786637,0.271588882,-2.488270627,0.012836601,148,738,-1.208091064,-0.14348221,11,1,1,2
3,-0.659272758,0.261023967,-2.525717336,0.011546234,148,738,-1.170870332,-0.147675184,11,2,1,3
-35,0.457093742,0.231742542,1.972420504,0.048561623,121,586,0.002886705,0.911300778,12,1,1,-14
-34,0.372709746,0.225118044,1.655619157,0.097798968,121,586,-0.068513512,0.813933005,12,2,1,-13
-33,0.231573643,0.233476779,0.991848716,0.321271329,120,582,-0.226032434,0.689179721,12,3,1,-12
-25,0.209045181,0.254566126,0.82118224,0.411542471,121,588,-0.289895257,0.707985619,12,11,1,-11
-24,0.420027271,0.265184199,1.583907608,0.113214746,121,588,-0.099724209,0.93977875,12,12,1,-10
-23,0.251680855,0.291996144,0.861932121,0.388724872,121,588,-0.32062107,0.82398278,12,1,1,-9
-22,0.48332981,0.256963219,1.88092993,0.059981451,121,588,-0.020308845,0.986968465,12,2,1,-8
-21,0.194864867,0.24850891,0.784136338,0.432960115,121,588,-0.292203647,0.681933381,12,3,1,-7
-13,0.417723719,0.287885676,1.451005566,0.14677831,121,589,-0.146521839,0.981969276,12,11,1,-6
-12,0.022389156,0.253943986,0.088165725,0.929744959,121,589,-0.47533191,0.520110221,12,12,1,-5
-11,-0.005922603,0.257231965,-0.023024365,0.981630838,121,590,-0.51008799,0.498242785,12,1,1,-4
-10,0.029251198,0.266217558,0.109877043,0.912506889,121,592,-0.492525628,0.551028024,12,2,1,-3
-9,-0.000852953,0.217822753,-0.003915813,0.996875641,121,604,-0.427777704,0.426071798,12,3,1,-2
-1,0.000134577,0.238270804,0.000564806,0.99954935,121,601,-0.466867618,0.467136772,12,11,1,-1
0,-0.428757973,0.226343354,-1.894281254,0.058187688,121,600,-0.872382795,0.01486685,12,12,1,0
1,-0.299790479,0.265724555,-1.128200135,0.259235407,121,600,-0.820601037,0.221020079,12,1,1,1
2,-0.502079931,0.256072755,-1.960692506,0.049914904,121,600,-1.003973308,-0.000186555,12,2,1,2