outcome,event_time,coef,std_error,p_value,ci_lower,ci_upper,n_treated,cohort_month,cohort_event_month,target_month_flag,new_event_time
top3_mean_consumption,-12,-0.3610533421,0.107460714,0.0007798096,-0.5716763416,-0.1504303426,625,3,3,1,-5
top3_mean_consumption,-11,-0.358373801,0.105647252,0.0006934054,-0.565442415,-0.1513051871,625,3,4,0,
top3_mean_consumption,-10,-0.3099870503,0.1154248732,0.0072395931,-0.5362198017,-0.0837542989,625,3,5,0,
top3_mean_consumption,-9,-0.27398405,0.1174879458,0.0196997238,-0.5042604238,-0.0437076762,625,3,6,0,
top3_mean_consumption,-8,-0.201147951,0.1186868019,0.0901172701,-0.4337740826,0.0314781806,625,3,7,0,
top3_mean_consumption,-7,-0.1142631407,0.1143110347,0.3175133119,-0.3383127687,0.1097864873,625,3,8,0,
top3_mean_consumption,-6,-0.0924304523,0.1039041171,0.3736944074,-0.2960825218,0.1112216172,625,3,9,0,
top3_mean_consumption,-5,-0.1158555223,0.0941838823,0.2186599433,-0.3004559316,0.0687448869,625,3,10,0,
top3_mean_consumption,-4,-0.0560887637,0.0828151665,0.4982305564,-0.21840649,0.1062289626,625,3,11,1,-4
top3_mean_consumption,-3,0.0154623833,0.0734180698,0.833193696,-0.1284370335,0.1593618001,625,3,12,1,-3
top3_mean_consumption,-2,-0.0604643389,0.0580330522,0.2974604267,-0.1742091212,0.0532804434,625,3,1,1,-2
top3_mean_consumption,0,0.6482450045,0.0901558751,0.0,0.4715394894,0.8249505196,625,3,3,1,0
top3_mean_consumption,1,0.3307842138,0.1043602309,0.0015262866,0.1262381613,0.5353302662,625,3,4,0,
top3_mean_consumption,2,0.2479358787,0.114119291,0.0298102332,0.0242620683,0.4716096892,625,3,5,0,
top3_mean_consumption,3,0.390932055,0.1223540262,0.0013978752,0.1511181637,0.6307459464,625,3,6,0,
top3_mean_consumption,4,0.449128937,0.1267532143,0.0003951024,0.200692637,0.6975652369,625,3,7,0,
top3_mean_consumption,5,0.4956573837,0.1229357436,5.53416e-05,0.2547033262,0.7366114411,625,3,8,0,
top3_mean_consumption,6,0.5758400565,0.1183753026,1.1473e-06,0.3438244635,0.8078556496,625,3,9,0,
top3_mean_consumption,-12,-0.2594097094,0.1385100735,0.0610879861,-0.5308894534,0.0120700347,334,4,4,0,
top3_mean_consumption,-11,-0.0691176844,0.1417712844,0.6258831372,-0.3469894018,0.2087540329,334,4,5,0,
top3_mean_consumption,-10,-0.0859520695,0.1389891551,0.536306122,-0.3583708136,0.1864666746,334,4,6,0,
top3_mean_consumption,-9,-0.0555552664,0.1502540996,0.7115746596,-0.3500533016,0.2389427688,334,4,7,0,
top3_mean_consumption,-8,0.004690828,0.1361549671,0.9725166179,-0.2621729074,0.2715545635,334,4,8,0,
top3_mean_consumption,-7,0.0537945448,0.1288426327,0.6762971405,-0.1987370154,0.306326105,334,4,9,0,
top3_mean_consumption,-6,-0.054528843,0.1139541089,0.6322831229,-0.2778788965,0.1688212106,334,4,10,0,
top3_mean_consumption,-5,0.0278205758,0.1042882737,0.7896492585,-0.1765844407,0.2322255924,334,4,11,1,-5
top3_mean_consumption,-4,-0.1042513605,0.1057889007,0.3243952446,-0.3115976059,0.103094885,334,4,12,1,-4
top3_mean_consumption,-3,-0.0102067397,0.1002160637,0.9188778474,-0.2066302245,0.1862167451,334,4,1,1,-3
top3_mean_consumption,-2,-0.1314697083,0.0843664782,0.1191581459,-0.2968280056,0.0338885889,334,4,2,1,-2
top3_mean_consumption,0,0.3352922722,0.1064554431,0.0016349305,0.1266396037,0.5439449407,334,4,4,0,0
top3_mean_consumption,1,0.2856600863,0.1242560362,0.0215070146,0.0421182554,0.5292019173,334,4,5,0,
top3_mean_consumption,2,0.2454924947,0.1399005558,0.0792996399,-0.0287125947,0.519697584,334,4,6,0,
top3_mean_consumption,3,0.2599096298,0.1453867389,0.0738224714,-0.0250483785,0.5448676381,334,4,7,0,
top3_mean_consumption,4,0.3718110226,0.14552482,0.0106198054,0.0865823755,0.6570396697,334,4,8,0,
top3_mean_consumption,5,0.4315494981,0.1345920444,0.0013442934,0.167749091,0.6953499052,334,4,9,0,
top3_mean_consumption,6,0.3744602523,0.1248458921,0.0027052981,0.1297623037,0.6191582008,334,4,10,0,
top3_mean_consumption,-12,-0.2237864142,0.2486676866,0.3681512908,-0.7111750798,0.2636022515,140,5,5,0,
top3_mean_consumption,-11,-0.021899406,0.2614961134,0.9332579192,-0.5344317882,0.4906329762,140,5,6,0,
top3_mean_consumption,-10,0.0701022086,0.2479074315,0.7773487487,-0.4157963572,0.5560007743,140,5,7,0,
top3_mean_consumption,-9,0.1456039612,0.2282618661,0.5235509933,-0.3017892963,0.5929972187,140,5,8,0,
top3_mean_consumption,-8,0.0764259634,0.2139201879,0.720894243,-0.3428576049,0.4957095317,140,5,9,0,
top3_mean_consumption,-7,-0.1533628782,0.2187074543,0.4831633421,-0.5820294885,0.2753037322,140,5,10,0,
top3_mean_consumption,-6,0.0051676284,0.2084012276,0.9802172546,-0.4032987777,0.4136340345,140,5,11,1,-6
top3_mean_consumption,-5,0.1773064462,0.1898829512,0.3504240616,-0.1948641382,0.5494770306,140,5,12,1,-5
top3_mean_consumption,-4,0.2058633548,0.191208626,0.281639959,-0.1689055522,0.5806322617,140,5,1,1,-4
top3_mean_consumption,-3,0.1536604277,0.1927318403,0.4252908852,-0.2240939793,0.5314148347,140,5,2,1,-3
top3_mean_consumption,-2,0.2054760158,0.1495636722,0.1694924803,-0.0876687816,0.4986208132,140,5,3,1,-2
top3_mean_consumption,0,0.4311141159,0.1915153397,0.0243812099,0.0557440501,0.8064841818,140,5,5,0,0
top3_mean_consumption,1,0.6667635817,0.1856636459,0.0003291025,0.3028628358,1.0306643276,140,5,6,0,
top3_mean_consumption,2,0.5690324281,0.242776162,0.019085525,0.0931911505,1.0448737056,140,5,7,0,
top3_mean_consumption,3,0.5931331134,0.231280006,0.0103304578,0.1398243016,1.0464419252,140,5,8,0,
top3_mean_consumption,4,0.7257223419,0.2249495184,0.0012546475,0.2848212858,1.166623398,140,5,9,0,
top3_mean_consumption,5,0.6532280434,0.2080527691,0.0016910771,0.2454446159,1.0610114708,140,5,10,0,
top3_mean_consumption,6,0.5848196054,0.2016977729,0.0037377659,0.1894919706,0.9801472402,140,5,11,1,1
top3_mean_consumption,-12,0.0338883436,0.2400389785,0.8877289281,-0.4365880542,0.5043647414,125,6,6,0,
top3_mean_consumption,-11,-0.0017573547,0.2460443976,0.9943012146,-0.484004374,0.4804896647,125,6,7,0,
top3_mean_consumption,-10,0.0075919277,0.2424974526,0.9750245107,-0.4677030794,0.4828869349,125,6,8,0,
top3_mean_consumption,-9,0.0941391605,0.2420416789,0.6973221517,-0.3802625301,0.568540851,125,6,9,0,
top3_mean_consumption,-8,-0.1059910583,0.2413588311,0.660557872,-0.5790543672,0.3670722506,125,6,10,0,
top3_mean_consumption,-7,0.0353711012,0.2526529859,0.8886609812,-0.4598287511,0.5305709535,125,6,11,1,-6
top3_mean_consumption,-6,-0.1891396516,0.2398308235,0.4303237349,-0.6592080655,0.2809287624,125,6,12,1,-5
top3_mean_consumption,-5,-0.3225448089,0.2575668062,0.2104691992,-0.8273757491,0.1822861313,125,6,1,1,-4
top3_mean_consumption,-4,-0.371630336,0.2615107869,0.1552906281,-0.8841914784,0.1409308064,125,6,2,1,-3
top3_mean_consumption,-3,-0.0151417904,0.229101685,0.9473045736,-0.464181093,0.4338975122,125,6,3,1,-2
top3_mean_consumption,-2,-0.0182234336,0.165978641,0.9125728705,-0.3435415701,0.3070947029,125,6,4,0,
top3_mean_consumption,0,0.2231291024,0.1917192835,0.2444919632,-0.1526406932,0.598898898,125,6,6,0,0
top3_mean_consumption,1,0.1212309888,0.2281218924,0.5951203162,-0.3258879203,0.5683498979,125,6,7,0,
top3_mean_consumption,2,0.4282459488,0.1949753911,0.0280625922,0.0460941823,0.8103977153,125,6,8,0,
top3_mean_consumption,3,0.4726352304,0.2108939688,0.0250193658,0.0592830516,0.8859874092,125,6,9,0,
top3_mean_consumption,4,0.4118202848,0.2097365845,0.0495867202,0.0007365792,0.8229039904,125,6,10,0,
top3_mean_consumption,5,0.3901093664,0.2203544377,0.0766651609,-0.0417853315,0.8220040643,125,6,11,1,1
top3_mean_consumption,6,0.2543242928,0.2262618605,0.2610018484,-0.1891489537,0.6977975393,125,6,12,1,2
top3_mean_consumption,-12,-0.742091278,0.335150244,0.026814694,-1.3989857562,-0.0851967998,64,7,7,0,
top3_mean_consumption,-11,-0.5345867986,0.3533889107,0.1303448104,-1.2272290635,0.1580554664,64,7,8,0,
top3_mean_consumption,-10,-0.6638245833,0.3510677391,0.0586412712,-1.3519173519,0.0242681853,64,7,9,0,
top3_mean_consumption,-9,-0.6837976925,0.3585707797,0.0565194262,-1.3865964208,0.0190010357,64,7,10,0,
top3_mean_consumption,-8,-0.6830844441,0.3314576427,0.0393173638,-1.3327414239,-0.0334274644,64,7,11,1,-6
top3_mean_consumption,-7,-0.6129539206,0.3533294598,0.0827772523,-1.3054796618,0.0795718206,64,7,12,1,-5
top3_mean_consumption,-6,-0.9646734676,0.3724851982,0.0096023244,-1.694744456,-0.2346024791,64,7,1,1,-4
top3_mean_consumption,-5,-1.1821336919,0.3827537735,0.0020117206,-1.9323310879,-0.4319362958,64,7,2,1,-3
top3_mean_consumption,-4,-0.7494588574,0.345059684,0.0298580186,-1.4257758381,-0.0731418767,64,7,3,1,-2
top3_mean_consumption,-3,-0.6412138393,0.2563416421,0.0123702206,-1.1436434578,-0.1387842208,64,7,4,0,
top3_mean_consumption,-2,-0.2670115713,0.2351584613,0.2561852239,-0.7279221554,0.1938990129,64,7,5,0,
top3_mean_consumption,0,0.2284035696,0.2249886581,0.3100209143,-0.2125742003,0.6693813395,64,7,7,0,0
top3_mean_consumption,1,0.1328482428,0.2352785606,0.5723170438,-0.328297736,0.5939942215,64,7,8,0,
top3_mean_consumption,2,0.2442582078,0.2438279652,0.3164573305,-0.2336446041,0.7221610196,64,7,9,0,
top3_mean_consumption,3,0.0841083482,0.2688096749,0.754362853,-0.4427586145,0.6109753109,64,7,10,0,
top3_mean_consumption,4,-0.051068606,0.2706310792,0.8503264416,-0.5815055212,0.4793683092,64,7,11,1,1
top3_mean_consumption,5,-0.1043591117,0.2681484224,0.697139939,-0.6299300196,0.4212117962,64,7,12,1,2
top3_mean_consumption,6,-0.181905492,0.3440253517,0.5969746776,-0.8561951814,0.4923841974,64,7,1,1,3
top3_mean_consumption,-12,-1.5201422591,0.4808604059,0.0015706859,-2.4626286547,-0.5776558635,40,8,8,0,
top3_mean_consumption,-11,-1.3564881629,0.5056473092,0.0073035597,-2.347556889,-0.3654194368,40,8,9,0,
top3_mean_consumption,-10,-1.0005838635,0.5650129549,0.0765766195,-2.1080092551,0.106841528,40,8,10,0,
top3_mean_consumption,-9,-0.8566943916,0.5007438645,0.0871100048,-1.8381523661,0.1247635829,40,8,11,1,-6
top3_mean_consumption,-8,-0.801875108,0.5056741955,0.1127950211,-1.7929965313,0.1892463152,40,8,12,1,-5
top3_mean_consumption,-7,-0.9056563204,0.5332825364,0.0894573139,-1.9508900918,0.139577451,40,8,1,1,-4
top3_mean_consumption,-6,-0.6858279199,0.4557623047,0.1323773073,-1.579122037,0.2074661972,40,8,2,1,-3
top3_mean_consumption,-5,-0.771179722,0.521124865,0.1389168209,-1.7925844575,0.2502250135,40,8,3,1,-2
top3_mean_consumption,-4,-0.713312576,0.5037581026,0.1567806757,-1.7006784572,0.2740533052,40,8,4,0,
top3_mean_consumption,-3,-1.1636898639,0.4362121586,0.0076368933,-2.0186656947,-0.3087140332,40,8,5,0,
top3_mean_consumption,-2,-0.8025878441,0.3351200455,0.0166237018,-1.4594231332,-0.145752555,40,8,6,0,
top3_mean_consumption,0,0.398950642,0.3111633805,0.1997984704,-0.2109295839,1.0088308678,40,8,8,0,0
top3_mean_consumption,1,0.3557444791,0.3481061578,0.3068081131,-0.3265435901,1.0380325484,40,8,9,0,
top3_mean_consumption,2,0.3097484573,0.3783274977,0.4129398956,-0.4317734382,1.0512703528,40,8,10,0,
top3_mean_consumption,3,0.2388304874,0.4319318092,0.5803074879,-0.6077558586,1.0854168335,40,8,11,1,1
top3_mean_consumption,4,0.1191823285,0.46414775,0.7973511562,-0.7905472615,1.0289119185,40,8,12,1,2
top3_mean_consumption,5,-0.3172621842,0.464399998,0.494502097,-1.2274861803,0.592961812,40,8,1,1,3
top3_mean_consumption,6,0.1455675916,0.4577491767,0.7504793799,-0.7516207947,1.0427559779,40,8,2,1,4
top3_mean_consumption,-12,-0.890020894,0.4320860607,0.0394154455,-1.7369095731,-0.0431322149,49,9,9,0,
top3_mean_consumption,-11,-0.8427825601,0.4358384916,0.0531495528,-1.6970260035,0.0114608834,49,9,10,0,
top3_mean_consumption,-10,-0.4876314358,0.471691397,0.3012327748,-1.4121465738,0.4368837023,49,9,11,1,-6
top3_mean_consumption,-9,-0.3574253225,0.4405892505,0.4172256449,-1.2209802535,0.5061296085,49,9,12,1,-5
top3_mean_consumption,-8,-0.155438321,0.4550386599,0.7326567096,-1.0473140944,0.7364374525,49,9,1,1,-4
top3_mean_consumption,-7,-0.335242302,0.4586766293,0.4648461576,-1.2342484955,0.5637638915,49,9,2,1,-3
top3_mean_consumption,-6,-0.2978613592,0.4327948755,0.491309494,-1.1461393152,0.5504165968,49,9,3,1,-2
top3_mean_consumption,-5,-0.3491102245,0.3757463053,0.3528312899,-1.0855729829,0.3873525339,49,9,4,0,
top3_mean_consumption,-4,0.0485591714,0.3726441625,0.8963213584,-0.6818233871,0.7789417299,49,9,5,0,
top3_mean_consumption,-3,0.0328816204,0.3497716969,0.9251021597,-0.6526709055,0.7184341464,49,9,6,0,
top3_mean_consumption,-2,0.3251087388,0.2739350537,0.2353027496,-0.2118039664,0.8620214439,49,9,7,0,
top3_mean_consumption,0,0.5061971592,0.3575503793,0.1568526375,-0.1946015842,1.2069959025,49,9,9,0,0
top3_mean_consumption,1,0.6183551061,0.4119772592,0.1333698513,-0.189120322,1.4258305342,49,9,10,0,
top3_mean_consumption,2,0.4663264122,0.4780179956,0.3292917061,-0.4705888592,1.4032416837,49,9,11,1,1
top3_mean_consumption,3,0.1058529755,0.4635447354,0.8193699054,-0.802694706,1.014400657,49,9,12,1,2
top3_mean_consumption,4,0.1271971714,0.4975849223,0.7982372686,-0.8480692763,1.1024636192,49,9,1,1,3
top3_mean_consumption,5,0.1103454612,0.4902989999,0.8219345524,-0.8506405786,1.0713315011,49,9,2,1,4
top3_mean_consumption,-12,-0.9470223826,0.4457263566,0.0336139777,-1.8206460416,-0.0733987236,50,10,10,0,
top3_mean_consumption,-11,-0.785242739,0.4689811576,0.0940601003,-1.7044458079,0.1339603298,50,10,11,1,-6
top3_mean_consumption,-10,-1.1354783333,0.454537897,0.0124863126,-2.0263726114,-0.2445840552,50,10,12,1,-5
top3_mean_consumption,-9,-0.9784612381,0.5066016161,0.0534309522,-1.9714004057,0.0144779295,50,10,1,1,-4
top3_mean_consumption,-8,-0.8814444028,0.5431418406,0.1046188497,-1.9460024103,0.1831136047,50,10,2,1,-3
top3_mean_consumption,-7,-0.8635964308,0.4874258646,0.0764361832,-1.8189511254,0.0917582638,50,10,3,1,-2
top3_mean_consumption,-6,-1.1780790868,0.4345102653,0.0067023958,-2.0297192068,-0.3264389668,50,10,4,0,
top3_mean_consumption,-5,-0.7017469348,0.356667515,0.0491244337,-1.4008152642,-0.0026786054,50,10,5,0,
top3_mean_consumption,-4,-0.9483804471,0.4156267972,0.022500693,-1.7630089696,-0.1337519246,50,10,6,0,
top3_mean_consumption,-3,-0.8760155876,0.4279143469,0.0406408972,-1.7147277076,-0.0373034676,50,10,7,0,
top3_mean_consumption,-2,-0.4369490987,0.3190270592,0.1708023637,-1.0622421348,0.1883439373,50,10,8,0,
top3_mean_consumption,0,0.1663463146,0.3886365771,0.66863265,-0.5953813764,0.9280740056,50,10,10,0,0
top3_mean_consumption,1,0.1587966932,0.3803019731,0.6762730753,-0.5865951742,0.9041885605,50,10,11,1,1
top3_mean_consumption,2,0.2498156291,0.4284096074,0.5598102916,-0.5898672014,1.0894984595,50,10,12,1,2
top3_mean_consumption,3,0.1711497551,0.4588440464,0.7091469423,-0.7281845759,1.0704840861,50,10,1,1,3
top3_mean_consumption,4,0.1527178876,0.4756737824,0.7481680081,-0.779602726,1.0850385012,50,10,2,1,4
top3_mean_consumption,-12,-0.1633361575,0.2514134999,0.5159045094,-0.6561066173,0.3294343023,148,11,11,1,-6
top3_mean_consumption,-11,-0.2631523718,0.2681204502,0.3263606656,-0.7886684543,0.2623637106,148,11,12,1,-5
top3_mean_consumption,-10,-0.1473542177,0.2659517028,0.5795351663,-0.6686195552,0.3739111197,148,11,1,1,-4
top3_mean_consumption,-9,-0.3159745779,0.267010686,0.2366593629,-0.8393155224,0.2073663666,148,11,2,1,-3
top3_mean_consumption,-8,-0.0881726019,0.2289576992,0.7001601183,-0.5369296924,0.3605844885,148,11,3,1,-2
top3_mean_consumption,-7,-0.1699061593,0.2003819763,0.3964873228,-0.5626548328,0.2228425142,148,11,4,0,
top3_mean_consumption,-6,-0.2448519193,0.2115983862,0.2472094469,-0.6595847562,0.1698809175,148,11,5,0,
top3_mean_consumption,-5,-0.1173016665,0.2232891704,0.5993501746,-0.5549484405,0.3203451076,148,11,6,0,
top3_mean_consumption,-4,0.3155291824,0.2072623588,0.1279173818,-0.0907050408,0.7217634057,148,11,7,0,
top3_mean_consumption,-3,-0.0014204536,0.2238682759,0.9949374228,-0.4402022744,0.4373613672,148,11,8,0,
top3_mean_consumption,-2,0.0300678246,0.1797370937,0.8671435958,-0.3222168789,0.3823525282,148,11,9,0,
top3_mean_consumption,0,0.167378091,0.1893959608,0.3768328631,-0.2038379922,0.5385941741,148,11,11,1,0
top3_mean_consumption,1,0.1808173665,0.2203998366,0.4119846492,-0.2511663132,0.6128010462,148,11,12,1,1
top3_mean_consumption,2,0.067970377,0.2318318882,0.7693782932,-0.3864201238,0.5223608778,148,11,1,1,2
top3_mean_consumption,3,0.3302133038,0.2346431262,0.1593384086,-0.1296872236,0.7901138312,148,11,2,1,3
top3_mean_consumption,-12,-0.4722957114,0.2643336663,0.0739794129,-0.9903896973,0.0457982746,121,12,12,1,-5
top3_mean_consumption,-11,-0.5067921959,0.2608829209,0.0520640278,-1.0181227209,0.0045383291,121,12,1,1,-4
top3_mean_consumption,-10,-0.4944082872,0.2646340039,0.061724174,-1.0130909349,0.0242743605,121,12,2,1,-3
top3_mean_consumption,-9,-0.2911789176,0.2576853274,0.2584852221,-0.7962421594,0.2138843241,121,12,3,1,-2
top3_mean_consumption,-8,-0.626829254,0.2672562271,0.0190054366,-1.150651459,-0.1030070489,121,12,4,0,
top3_mean_consumption,-7,-0.6999813857,0.2788096593,0.0120523908,-1.2464483179,-0.1535144536,121,12,5,0,
top3_mean_consumption,-6,-0.9464052728,0.2763987534,0.0006169353,-1.4881468296,-0.4046637161,121,12,6,0,
top3_mean_consumption,-5,-0.7798675901,0.2687576265,0.003710839,-1.3066325381,-0.2531026422,121,12,7,0,
top3_mean_consumption,-4,-0.9078042168,0.2687750882,0.0007313177,-1.4346033898,-0.3810050439,121,12,8,0,
top3_mean_consumption,-3,-0.9375590482,0.2323959789,5.47613e-05,-1.3930551668,-0.4820629296,121,12,9,0,
top3_mean_consumption,-2,-0.4027594662,0.2115124862,0.0568857483,-0.8173239392,0.0118050068,121,12,10,0,
top3_mean_consumption,0,0.090095101,0.1957668024,0.6453608712,-0.2936078317,0.4737980338,121,12,12,1,0
top3_mean_consumption,1,0.2864698978,0.2056130414,0.1635448988,-0.1165316633,0.6894714589,121,12,1,1,1
top3_mean_consumption,2,0.0905861158,0.2172950853,0.6767657095,-0.3353122514,0.5164844831,121,12,2,1,2
