cohort,event_time,effect,se,t_stat,p_value,n_treated,n_control,ci_low,ci_high
2025-03,-26,-0.0425335907,0.1029946938,-0.4129687572,0.6796295042,620,3020,-0.244399481,0.1593322997
2025-03,-25,0.1050742234,0.1063048291,0.9884238031,0.3229451348,620,3023,-0.1032794129,0.3134278598
2025-03,-24,0.1052957895,0.1122004727,0.938461193,0.3480074511,617,3001,-0.1146130961,0.3252046751
2025-03,-16,0.0601234006,0.1135670016,0.5294090689,0.5965217084,624,3030,-0.1624638324,0.2827106336
2025-03,-15,0.1474753286,0.1162082674,1.2690605572,0.2044194665,624,3030,-0.0802886902,0.3752393473
2025-03,-14,0.0607026683,0.1242169287,0.4886827336,0.6250663298,624,3030,-0.1827580383,0.3041633749
2025-03,-13,0.0469044346,0.1100181732,0.4263335156,0.6698648392,624,3030,-0.1687272226,0.2625360918
2025-03,-12,0.0286510651,0.1048553143,0.2732438057,0.7846658086,624,3031,-0.1768615745,0.2341637048
2025-03,-4,-0.0066269146,0.1131139606,-0.0585861781,0.95328172,625,3053,-0.2283262036,0.2150723743
2025-03,-3,-0.0055508028,0.1107948863,-0.0500998102,0.960042851,625,3070,-0.2227047897,0.2116031841
2025-03,-2,0.0214454304,0.1135771855,0.1888181179,0.8502353713,625,3125,-0.2011617626,0.2440526234
2025-03,-1,-0.0324037197,0.1104264891,-0.2934415461,0.7691846732,625,3125,-0.2488356612,0.1840282219
2025-03,0,-0.678523416,0.0965001315,-7.0313211523,0.0,625,3125,-0.8676601983,-0.4893866337
2025-03,8,-0.8871048939,0.1038444714,-8.5426299735,0.0,625,3124,-1.0906363178,-0.68357347
2025-03,9,-0.8681060197,0.1023901383,-8.4784143646,0.0,625,3124,-1.0687870033,-0.6674250362
2025-03,10,-0.9068058477,0.1170912087,-7.7444400663,0.0,625,3124,-1.1363003996,-0.6773112958
2025-03,11,-0.9670504687,0.1130472292,-8.5543933758,0.0,625,3124,-1.1886189665,-0.7454819709
2025-04,-27,0.0312295212,0.1410581353,0.2213946836,0.8247851316,333,1638,-0.2452393436,0.3076983861
2025-04,-26,-0.0127066922,0.1397595301,-0.0909182522,0.9275575471,333,1638,-0.2866303378,0.2612169533
2025-04,-25,-0.0242049609,0.147922344,-0.1636328917,0.8700201498,331,1621,-0.3141274276,0.2657175058
2025-04,-17,0.0081546109,0.1550190311,0.052603934,0.9580474825,334,1643,-0.295677107,0.3119863287
2025-04,-16,0.0246262384,0.159328779,0.1545623997,0.8771663144,334,1645,-0.2876524301,0.3369049069
2025-04,-15,-0.0049389682,0.1725739871,-0.0286194243,0.9771681201,334,1645,-0.3431777675,0.3332998312
2025-04,-14,0.0596086611,0.1528440066,0.3899967193,0.6965389729,334,1648,-0.2399600871,0.3591774093
2025-04,-13,-0.0308145866,0.1345166926,-0.2290763027,0.8188096114,334,1648,-0.2944624594,0.2328332862
2025-04,-5,0.0157780998,0.1504470649,0.1048747598,0.9164751873,334,1648,-0.279092729,0.3106489286
2025-04,-4,0.0244779401,0.1521084965,0.1609242129,0.8721530917,334,1649,-0.2736492347,0.3226051149
2025-04,-3,0.0247713019,0.1528347313,0.1620790097,0.8712436354,334,1661,-0.274779267,0.3243218708
2025-04,-2,-0.050006585,0.1493045785,-0.3349300172,0.7376778781,334,1670,-0.3426381815,0.2426250115
2025-04,-1,-0.0030138991,0.1317984953,-0.0228674771,0.9817559831,334,1668,-0.2613342031,0.255306405
2025-04,7,-0.690513262,0.1404892619,-4.9150607858,8.875e-07,334,1667,-0.9658671556,-0.4151593685
2025-04,8,-0.5873050278,0.1433814895,-4.0961007592,4.20167e-05,334,1666,-0.8683275832,-0.3062824724
2025-04,9,-0.6921738426,0.1627886984,-4.2519772516,2.11891e-05,334,1666,-1.0112338286,-0.3731138566
2025-04,10,-0.7345383978,0.1603624831,-4.5804878013,4.6389e-06,334,1666,-1.0488430892,-0.4202337064
2025-05,-28,0.0169964205,0.2086110411,0.0814742137,0.9350648312,140,679,-0.3918737068,0.4258665479
2025-05,-27,0.0895663851,0.2159734026,0.414710256,0.6783540235,140,680,-0.3337337057,0.5128664758
2025-05,-26,0.0848759693,0.218382146,0.3886580057,0.6975291512,139,681,-0.3431451717,0.5128971103
2025-05,-18,0.0006764332,0.2447364904,0.0027639246,0.99779471,140,685,-0.4789982737,0.4803511401
2025-05,-17,0.0033412323,0.2386120145,0.0140027833,0.9888277605,140,685,-0.4643297224,0.471012187
2025-05,-16,-0.1923540456,0.265396864,-0.7247788941,0.4685876858,140,685,-0.7125223406,0.3278142494
2025-05,-15,-0.030453716,0.2267699167,-0.1342934565,0.8931705273,140,685,-0.4749145855,0.4140071536
2025-05,-14,-0.1148879521,0.2200516652,-0.5220953545,0.6016039408,140,685,-0.5461812906,0.3164053863
2025-05,-6,0.0154382009,0.2578173,0.0598803916,0.9522508971,140,686,-0.4898744217,0.5207508235
2025-05,-5,0.002709194,0.2133128157,0.0127005685,0.9898666849,140,686,-0.4153762422,0.4207946302
2025-05,-4,0.0684410053,0.2361111798,0.2898677027,0.7719174508,140,692,-0.3943284035,0.5312104141
2025-05,-3,-0.0233704657,0.2474517271,-0.0944445447,0.9247560323,140,700,-0.5083669388,0.4616260074
2025-05,-2,0.0302158829,0.22251675,0.1357914982,0.8919861123,140,697,-0.4059089332,0.4663406989
2025-05,6,-0.8954024589,0.2050053664,-4.3677025363,1.2556e-05,140,698,-1.2972055937,-0.4935993241
2025-05,7,-0.8647738086,0.1973451855,-4.3820365141,1.17575e-05,140,697,-1.2515632646,-0.4779843526
2025-05,8,-1.0517388698,0.2411191137,-4.361905838,1.28934e-05,140,697,-1.5243236487,-0.5791540909
2025-05,9,-1.1082777067,0.2305269722,-4.8075836684,1.5277e-06,140,697,-1.5601022697,-0.6564531437
2025-06,-29,-0.0230695152,0.2558499559,-0.0901681423,0.9281535999,125,619,-0.5245262143,0.4783871838
2025-06,-28,-0.1229299775,0.2510403356,-0.4896821749,0.6243588173,125,619,-0.6149599939,0.3691000389
2025-06,-27,-0.0420313702,0.2596035551,-0.1619059883,0.8713798871,125,613,-0.5508449884,0.4667822481
2025-06,-19,0.1488292168,0.3109679553,0.4785998503,0.6322233249,125,622,-0.4606567758,0.7583152095
2025-06,-18,0.3200316333,0.3066491343,1.0436410788,0.2966514798,125,622,-0.2809896258,0.9210528924
2025-06,-17,0.1456967543,0.3367141352,0.4327016276,0.6652315473,125,623,-0.5142508238,0.8056443324
2025-06,-16,0.2394523398,0.2956514428,0.8099143288,0.4179894159,125,623,-0.34001384,0.8189185196
2025-06,-15,0.2521469919,0.2837658808,0.8885740286,0.3742320541,125,623,-0.3040239145,0.8083178983
2025-06,-7,0.0105003644,0.2653013232,0.0395790125,0.9684287599,125,623,-0.5094806741,0.5304814029
2025-06,-6,-0.0342998604,0.2632083353,-0.1303144916,0.8963176152,125,623,-0.550178718,0.4815789972
2025-06,-5,-0.0191976292,0.2838356358,-0.0676364305,0.9460750545,125,624,-0.575505253,0.5371099945
2025-06,-4,0.0050037312,0.2859709285,0.0174973422,0.9860398531,125,625,-0.5554889893,0.5654964517
2025-06,-3,0.0040778512,0.2628179685,0.0155158767,0.9876206182,125,625,-0.5110359016,0.519191604
2025-06,5,-0.8099434992,0.2313214488,-3.5013765628,0.0004628613,125,625,-1.2633252076,-0.3565617908
2025-06,6,-0.5830735632,0.2418782726,-2.4106074386,0.0159259799,125,625,-1.0571462662,-0.1090008602
2025-06,7,-0.7790437328,0.279891607,-2.7833765401,0.0053796332,125,625,-1.3276212022,-0.2304662634
2025-06,8,-0.9565615824,0.2724236335,-3.5113017548,0.0004459179,125,625,-1.4905020926,-0.4226210722
2025-07,-30,0.415301121,0.3764568533,1.1031838507,0.269947333,64,313,-0.3225407531,1.1531429951
2025-07,-29,0.3585851305,0.3267423522,1.0974553132,0.272442405,64,315,-0.2818181121,0.9989883731
2025-07,-28,0.4487002385,0.3576441177,1.2545997999,0.2096240761,63,313,-0.2522693514,1.1496698283
2025-07,-20,0.4509460292,0.4063840569,1.1096548241,0.2671477969,64,315,-0.3455520862,1.2474441446
2025-07,-19,0.6976555354,0.3852691629,1.8108263069,0.0701677428,64,315,-0.0574581482,1.452769219
2025-07,-18,0.0470919955,0.4045680833,0.116400669,0.9073350052,64,315,-0.745846877,0.8400308681
2025-07,-17,0.4998452888,0.3719311715,1.343918787,0.1789746502,64,315,-0.229126412,1.2288169897
2025-07,-16,0.5224134741,0.3567196544,1.4644931046,0.1430592657,64,315,-0.1767442011,1.2215711493
2025-07,-8,-0.0024639975,0.342316776,-0.007198004,0.9942568733,64,315,-0.6733925498,0.6684645548
2025-07,-7,0.0010206482,0.3274578139,0.0031168844,0.9975130901,64,315,-0.6407848735,0.6428261698
2025-07,-6,-0.0276670991,0.3527377036,-0.0784353325,0.9374817688,64,315,-0.7190202941,0.663686096
2025-07,-5,-0.0744910201,0.3355685744,-0.2219844937,0.8243259544,64,319,-0.7321933402,0.5832113
2025-07,-4,-0.0354615119,0.3064716558,-0.1157089447,0.9078832171,64,319,-0.6361349194,0.5652118957
2025-07,4,-0.6016486941,0.3129339929,-1.92260575,0.0545295813,64,319,-1.2149880496,0.0116906615
2025-07,5,-0.931909546,0.2792776849,-3.3368564567,0.000847317,64,319,-1.47928375,-0.384535342
2025-07,6,-0.6119547528,0.3566050352,-1.7160575214,0.086151515,64,319,-1.3108877786,0.0869782729
2025-07,7,-0.729740342,0.3537360627,-2.0629515023,0.0391172362,64,319,-1.423050285,-0.036430399
2025-08,-31,0.090555431,0.4109456107,0.2203586767,0.8255918256,40,197,-0.7148831657,0.8959940276
2025-08,-30,-0.0959029343,0.3638473007,-0.2635801725,0.7921034385,40,197,-0.8090305395,0.6172246709
2025-08,-29,-0.2700301088,0.3701890988,-0.7294383051,0.4657335937,40,194,-0.9955874098,0.4555271923
2025-08,-21,0.5574549174,0.5131653265,1.0863066709,0.2773433367,40,197,-0.4483306406,1.5632404754
2025-08,-20,0.5361799602,0.4883863599,1.0978602274,0.2722655275,40,197,-0.4210397158,1.4933996361
2025-08,-19,0.3072985948,0.5169168399,0.5944836211,0.552188694,40,197,-0.7058397944,1.320436984
2025-08,-18,0.3594377209,0.4541138756,0.7915145082,0.4286438133,40,197,-0.5306091201,1.249484562
2025-08,-17,0.6425503135,0.4284062926,1.4998619875,0.1336501563,40,197,-0.1971105908,1.4822112177
2025-08,-9,0.073214989,0.4093478854,0.178857621,0.8580494996,40,197,-0.7290921235,0.8755221015
2025-08,-8,0.0253378164,0.3388797998,0.0747693325,0.9403982426,40,198,-0.6388543862,0.689530019
2025-08,-7,0.0123521291,0.3737687943,0.0330475132,0.9736366983,40,199,-0.7202212463,0.7449255046
2025-08,-6,0.016143275,0.4063338671,0.0397290905,0.9683091091,40,200,-0.7802564703,0.8125430203
2025-08,-5,-0.0904973,0.3425993207,-0.2641490935,0.7916650357,40,199,-0.7619796296,0.5809850296
2025-08,3,-0.6227175097,0.3776504986,-1.6489254271,0.0991629132,40,199,-1.3628988857,0.1174638663
2025-08,4,-0.7572618976,0.341107075,-2.2200122869,0.0264179336,40,199,-1.4258194795,-0.0887043158
2025-08,5,-0.9222448461,0.4186393286,-2.2029579717,0.027597711,40,199,-1.7427628526,-0.1017268396
2025-08,6,-1.069498571,0.4141483132,-2.5824047497,0.0098114442,40,199,-1.881214349,-0.2577827929
2025-09,-32,-0.0234239949,0.4359019874,-0.0537368391,0.9571448319,49,242,-0.877776191,0.8309282011
2025-09,-31,0.2024301678,0.4603713296,0.439710631,0.6601467019,49,242,-0.6998810576,1.1047413933
2025-09,-30,0.5161545564,0.5101874484,1.0116959129,0.3116834703,49,243,-0.4837944679,1.5161035807
2025-09,-22,0.0868926862,0.5104298125,0.1702343477,0.8648258404,49,243,-0.9135313629,1.0873167352
2025-09,-21,0.1552199804,0.4658937452,0.3331660535,0.7390089411,49,243,-0.7579149807,1.0683549416
2025-09,-20,0.2156571135,0.5555057822,0.3882175856,0.6978550203,49,243,-0.8731142127,1.3044284398
2025-09,-19,0.3494913382,0.5387055728,0.6487613195,0.5164926628,49,243,-0.7063521827,1.4053348592
2025-09,-18,0.3035980433,0.4821095924,0.6297282779,0.528872378,49,243,-0.6413193943,1.248515481
2025-09,-10,0.0634649189,0.4865236176,0.1304457103,0.8962138039,49,243,-0.8901038492,1.0170336869
2025-09,-9,-0.0180924932,0.4505173905,-0.040159367,0.9679660719,49,243,-0.901090353,0.8649053665
2025-09,-8,0.0627717743,0.4591094971,0.1367250617,0.8912481192,49,244,-0.837066305,0.9626098537
2025-09,-7,-0.0309428041,0.4670129781,-0.0662568398,0.9471733445,49,245,-0.9462714214,0.8843858133
2025-09,-6,0.0090353469,0.4555073725,0.0198357864,0.9841743701,49,245,-0.8837426979,0.9018133918
2025-09,2,-0.9128994204,0.4252691793,-2.1466390344,0.0318220298,49,245,-1.7464116955,-0.0793871453
2025-09,3,-0.8708489918,0.4047713635,-2.1514589972,0.0314399888,49,245,-1.6641862863,-0.0775116974
2025-09,4,-0.6711116041,0.4857898939,-1.3814853141,0.1671297903,49,245,-1.6232423001,0.2810190919
2025-09,5,-0.9366856898,0.4514771358,-2.0747134583,0.0380130993,49,245,-1.8215646158,-0.0518067638
2025-10,-33,0.1598570298,0.3516412307,0.4546026344,0.6493951392,50,245,-0.5293471178,0.8490611774
2025-10,-32,0.108690802,0.3348098509,0.3246344208,0.7454577729,50,245,-0.5475244474,0.7649060515
2025-10,-31,0.3058901258,0.3946738023,0.7750454276,0.4383128167,50,243,-0.4676563122,1.0794365639
2025-10,-23,-0.1082647371,0.401070858,-0.2699391766,0.787207047,50,245,-0.894349174,0.6778196997
2025-10,-22,0.0395584859,0.4005157787,0.0987688575,0.9213217957,50,246,-0.7454380156,0.8245549874
2025-10,-21,0.1000071733,0.4321175531,0.2314351098,0.8169767918,50,246,-0.7469276677,0.9469420144
2025-10,-20,0.2618797054,0.4150607291,0.6309431055,0.5280777258,50,246,-0.551624375,1.0753837857
2025-10,-19,0.1539655426,0.3835429497,0.4014297296,0.6881037648,50,246,-0.5977648254,0.9056959106
2025-10,-11,0.0195876513,0.3866454126,0.0506605036,0.9595960497,50,247,-0.7382234322,0.7773987349
2025-10,-10,0.0148133897,0.3887610198,0.0381041023,0.9696046805,50,248,-0.7471442077,0.7767709871
2025-10,-9,-0.0426060548,0.4686449743,-0.0909132865,0.9275614928,50,248,-0.9611333261,0.8759212164
2025-10,-8,0.031734684,0.4534987854,0.0699774399,0.944211616,50,250,-0.8571066025,0.9205759705
2025-10,-7,0.010965224,0.485018723,0.0226078365,0.9819630928,50,250,-0.939654005,0.961584453
2025-10,1,-0.5664596143,0.3953269555,-1.4328889199,0.1518895842,50,249,-1.3412862092,0.2083669806
2025-10,2,-0.655491119,0.4365888222,-1.5013923529,0.1332541106,50,249,-1.5111894867,0.2002072486
2025-10,3,-0.4289039611,0.5335347027,-0.8038914037,0.4214596951,50,249,-1.474612763,0.6168048407
2025-10,4,-0.705373,0.470883579,-1.4979774862,0.1341390999,50,249,-1.6282878558,0.2175418558
2025-11,-34,0.0838702408,0.2296449973,0.3652169296,0.7149494819,143,727,-0.3662256831,0.5339661647
2025-11,-33,0.1402873794,0.2518321508,0.5570669944,0.5774816571,143,727,-0.3532945664,0.6338693251
2025-11,-32,0.1029572046,0.2484028939,0.4144766714,0.6785250484,140,721,-0.3839035211,0.5898179304
2025-11,-24,0.5011235763,0.3075618898,1.6293422327,0.1032405904,145,727,-0.1016866508,1.1039338034
2025-11,-23,0.4499833926,0.2842822503,1.5828754417,0.1134498572,145,727,-0.1071995795,1.0071663646
2025-11,-22,0.3198020096,0.3068542876,1.0421950172,0.2973212728,145,727,-0.2816213427,0.9212253618
2025-11,-21,0.4330741065,0.3194864019,1.3555322039,0.1752480555,146,728,-0.1931077348,1.0592559479
2025-11,-20,0.3188357878,0.266200243,1.197729139,0.2310224815,146,728,-0.2029071011,0.8405786768
2025-11,-12,0.0385898876,0.263246691,0.146592109,0.8834539825,147,729,-0.4773641458,0.554543921
2025-11,-11,-0.0054421761,0.2413021489,-0.0225533676,0.9820065416,147,729,-0.4783856973,0.4675013452
2025-11,-10,-0.0028446559,0.2512718178,-0.0113210303,0.9909673176,147,734,-0.4953283692,0.4896390574
2025-11,-9,0.0006639757,0.247238199,0.0026855708,0.9978572271,148,740,-0.4839139899,0.4852419412
2025-11,-8,-0.0025292973,0.2484768636,-0.0101792065,0.9918783085,148,738,-0.4895350009,0.4844764063
2025-11,0,-0.8381381074,0.2463634987,-3.4020384993,0.0006688521,148,738,-1.321001692,-0.3552745229
2025-11,1,-0.6841232139,0.2457559343,-2.7837505366,0.0053734345,148,738,-1.1657959941,-0.2024504337
2025-11,2,-0.6757866368,0.2715888817,-2.4882706265,0.0128366011,148,738,-1.2080910635,-0.1434822101
2025-11,3,-0.6592727582,0.2610239668,-2.5257173362,0.0115462339,148,738,-1.1708703322,-0.1476751841
2025-12,-35,0.4570937419,0.2317425423,1.9724205037,0.0485616231,121,586,0.0028867054,0.9113007784
2025-12,-34,0.3727097462,0.225118044,1.6556191568,0.0977989682,121,586,-0.0685135123,0.8139330046
2025-12,-33,0.2315736434,0.2334767788,0.9918487164,0.321271329,120,582,-0.2260324343,0.6891797211
2025-12,-25,0.2090451814,0.2545661256,0.8211822404,0.4115424709,121,588,-0.2898952565,0.7079856192
2025-12,-24,0.4200272706,0.2651841992,1.5839076082,0.1132147458,121,588,-0.099724209,0.9397787503
2025-12,-23,0.2516808553,0.2919961436,0.861932121,0.3887248719,121,588,-0.3206210697,0.8239827803
2025-12,-22,0.48332981,0.2569632192,1.8809299302,0.0599814511,121,588,-0.020308845,0.9869684651
2025-12,-21,0.1948648671,0.2485089104,0.7841363384,0.4329601151,121,588,-0.2922036472,0.6819333814
2025-12,-13,0.4177237187,0.2878856763,1.4510055661,0.1467783103,121,589,-0.1465218385,0.981969276
2025-12,-12,0.0223891555,0.2539439855,0.0881657248,0.9297449589,121,589,-0.4753319101,0.5201102212
2025-12,-11,-0.0059226025,0.2572319652,-0.0230243646,0.981630838,121,590,-0.51008799,0.4982427849
2025-12,-10,0.0292511981,0.266217558,0.1098770432,0.9125068892,121,592,-0.4925256277,0.5510280239
2025-12,-9,-0.0008529532,0.217822753,-0.0039158132,0.9968756411,121,604,-0.427777704,0.4260717976
2025-12,-1,0.0001345768,0.2382708043,0.0005648061,0.99954935,121,601,-0.4668676182,0.4671367718
2025-12,0,-0.4287579725,0.226343354,-1.8942812543,0.0581876878,121,600,-0.8723827945,0.0148668495
2025-12,1,-0.299790479,0.2657245551,-1.1282001352,0.2592354068,121,600,-0.8206010368,0.2210200788
2025-12,2,-0.5020799313,0.2560727548,-1.960692506,0.0499149038,121,600,-1.003973308,-0.0001865545
